ID,Loại,SKU,"GTIN, UPC, EAN hoặc ISBN",Tên,"Đã xuất bản","Là sản phẩm nổi bật?","Hiển thị trong danh mục","Mô tả ngắn","Mô tả","Ngày bắt đầu giá khuyến mãi","Ngày kết thúc giá khuyến mãi","Trạng thái thuế","Lớp thuế","Còn hàng?","Tồn kho","Số lượng sắp hết hàng","Cho phép đặt hàng trước?","Bán riêng lẻ?","Cân nặng (kg)","Chiều dài (cm)","Chiều rộng (cm)","Chiều cao (cm)","Cho phép khách hàng đánh giá?","Ghi chú mua hàng","Giá khuyến mãi","Giá thông thường","Danh mục",Thẻ,"Lớp vận chuyển","Hình ảnh","Giới hạn tải xuống","Ngày hết hạn tải xuống",Cha,"Sản phẩm theo nhóm","Bán thêm","Bán chéo","URL bên ngoài","Văn bản nút","Vị trí","Thương hiệu","Sản Phẩm Thương Hiệu","Tên thuộc tính 1","Giá trị thuộc tính 1","Thuộc tính hiển thị 1","Thuộc tính chung 1"
253,variable,AMD-PSJ-958,,"Nến thơm cao cấp| Nến kể chuyện | A cup of peace",1,1,visible,"A Cup Of Peace y như tên gọi Một tách bình yên giúp bạn thư giãn, tâm trí dịu lại và cảm nhận hiện tại.","<h4>Về sản phẩm</h4>\n<p class=""QN2lPu"">Một mùi hương mang đến cho bạn khung cảnh của buổi chiều thưởng trà: Gió mát miên man ngoài sân, trên bàn là tách trà thơm phức và quyển sách hay bạn đang đọc dang dở.</p>\n<p class=""QN2lPu"">A Cup Of Peace y như tên gọi Một tách bình yên giúp bạn thư giãn, tâm trí dịu lại và cảm nhận hiện tại.</p>\n<p class=""QN2lPu"">Hương thơm của A Cup Of Peace phù hợp cho buổi thiền sáng, hoặc nghỉ ngơi tĩnh tâm sau một ngày dài làm việc.</p>\n\n<table class=""bordered"">\n<tbody>\n<tr>\n<th colspan=""2"">CHI TIẾT SẢN PHẨM</th>\n</tr>\n<tr>\n<td style=""width: 150px;""><strong>Thành phần</strong></td>\n<td>Sáp cọ, sáp ong, tinh dầu Mỹ cao cấp</td>\n</tr>\n<tr>\n<td style=""width: 150px;""><strong>Khối lượng</strong></td>\n<td>100g/220g</td>\n</tr>\n<tr>\n<td style=""width: 150px;""><strong>Chất liệu hủ</strong></td>\n<td>Thuỷ tinh</td>\n</tr>\n<tr>\n<td style=""width: 150px;""><strong>Nơi sản xuất</strong></td>\n<td>Việt Nam</td>\n</tr>\n</tbody>\n</table>",,,taxable,,1,99,,notify,0,0.500,,,,1,,,,"Nến thơm cao cấp > Nến kể chuyện, Nến thơm cao cấp",,,"https://nghikigai.com/wp-content/uploads/2023/10/tai-xuong-9.webp, https://nghikigai.com/wp-content/uploads/2023/10/FullSizeRender_VSCO-5-scaled.webp, https://nghikigai.com/wp-content/uploads/2023/10/FullSizeRender_VSCO-41-scaled.webp, https://nghikigai.com/wp-content/uploads/2023/10/NKC-A-cup-of-peace-01-png.webp",,,,,,,,,0,,,Size,"100g, 220g",1,0
456,variation,,,"Nến thơm cao cấp| Nến kể chuyện | A cup of peace - 220g",1,0,visible,,,,,taxable,parent,1,,,0,0,0.22,,,,0,,,320000,,,,https://nghikigai.com/wp-content/uploads/2023/10/FullSizeRender_VSCO-5-scaled.webp,,,AMD-PSJ-958,,,,,,2,,,Size,220g,,0
1917,variation,,,"Nến thơm cao cấp| Nến kể chuyện | A cup of peace - 100g",1,0,visible,,,,,taxable,parent,1,,,0,0,0.1,,,,0,,,150000,,,,https://nghikigai.com/wp-content/uploads/2025/09/IMG_9650-scaled-jpg.webp,,,AMD-PSJ-958,,,,,,1,,,Size,100g,,0
1919,variable,AMD-PSJ-958-1,,"Nến thơm cao cấp| Nến kể chuyện | A new era of me",1,1,visible,"Cái tên A new era of me (Thời của tôi đã đến) có thể được hiểu là dành cho bất kỳ khoảnh khắc nào bạn quyết định thay đổi, làm một thứ gì đó mới mẻ, thách thức bản thân, rẽ hướng, theo đuổi một điều quan trọng.","<h4>Về sản phẩm</h4>\n<p class=""QN2lPu"">THỜI CỦA TÔI ĐÃ ĐẾN (A NEW ERA OF ME) là loại nến được Nghikigai cho ra mắt đầu năm 2024 để khuyến khích những ai đang loay hoay mất phương hướng sẽ điềm tĩnh và nhìn thấy được con đường cho chính mình.</p>\n<p class=""QN2lPu"">Kết hợp giữa mùi gỗ đàn hương và mùi cotton khá giống với mùi vải, quần áo sau khi giặt sạch với nước thơm, sự kết hợp này vừa táo bạo vừa quen thuộc. Táo bạo vì quá quen thuộc mà khi ngửi thấy mùi, bạn sẽ ồ lên: ""Hóa ra là mùi này"" hoặc ""Mùi này rất quen, nó trong tiềm thức nhưng mình lại quên bẵng nó mất"".</p>\n<p class=""QN2lPu"">Hũ nến này không được làm riêng cho dịp năm mới, nên không phải vì Tết hay qua năm mà bạn cần có nó. Cái tên A new era of me (Thời của tôi đã đến) có thể được hiểu là dành cho bất kỳ khoảnh khắc nào bạn quyết định thay đổi, làm một thứ gì đó mới mẻ, thách thức bản thân, rẽ hướng, theo đuổi một điều quan trọng.</p>\n<p class=""QN2lPu"">Đúng hơn đây là một nghi thức nhằm đánh dấu một giao kèo với bản thân bạn vừa được xác lập. Khi ngọn nến vừa cháy lên, đó là lúc bạn nhận ra mình đã khác.</p>\n<p class=""QN2lPu"">Hãy đốt A new era of me vào ngày sinh nhật, vào đầu năm mới, vào đầu tháng, hoặc đơn giản bất kỳ khi nào bạn thật sự nghiêm túc với bản thân mình. Không cần bất kỳ ai làm chứng, chính bạn sẽ là người làm chứng duy nhất cho điều bạn hứa sẽ làm. Và ngọn nến sẽ đánh dấu thời điểm đó.</p>\n<p class=""QN2lPu"">Hũ nến phù hợp cho cá nhân hoặc làm quà tặng cho những người thân đang cần một tín hiệu chỉ dẫn.</p>\n\n<table class=""bordered"">\n<tbody>\n<tr>\n<th colspan=""2"">CHI TIẾT SẢN PHẨM</th>\n</tr>\n<tr>\n<td style=""width: 150px;""><strong>Thành phần</strong></td>\n<td>Sáp cọ, sáp ong, tinh dầu Mỹ cao cấp</td>\n</tr>\n<tr>\n<td style=""width: 150px;""><strong>Khối lượng</strong></td>\n<td>100g/220g</td>\n</tr>\n<tr>\n<td style=""width: 150px;""><strong>Chất liệu hủ</strong></td>\n<td>Thuỷ tinh</td>\n</tr>\n<tr>\n<td style=""width: 150px;""><strong>Nơi sản xuất</strong></td>\n<td>Việt Nam</td>\n</tr>\n</tbody>\n</table>",,,taxable,,1,99,,notify,0,0.22,,,,1,,,,"Nến thơm cao cấp > Nến kể chuyện, Nến thơm cao cấp",,,"https://nghikigai.com/wp-content/uploads/2023/10/tai-xuong-8.webp, https://nghikigai.com/wp-content/uploads/2025/09/vn-11134207-7r98o-lyc7tm5zea19b4.webp, https://nghikigai.com/wp-content/uploads/2025/09/vn-11134207-7r98o-lyc7t3laktot12.webp, https://nghikigai.com/wp-content/uploads/2025/09/NKC-A-new-era-of-me-01-1-png.webp",,,,,,,,,0,,,Size,"100g, 220g",1,0
1920,variation,,,"Nến thơm cao cấp| Nến kể chuyện | A new era of me - 100g",1,0,visible,,,,,taxable,parent,1,,,0,0,0.1,,,,0,,,150000,,,,https://nghikigai.com/wp-content/uploads/2025/09/IMG_9650-scaled-jpg.webp,,,AMD-PSJ-958-1,,,,,,1,,,Size,100g,,0
1921,variation,,,"Nến thơm cao cấp| Nến kể chuyện | A new era of me - 220g",1,0,visible,,,,,taxable,parent,1,,,0,0,0.22,,,,0,,,320000,,,,https://nghikigai.com/wp-content/uploads/2025/09/NKC-A-new-era-of-me-01-1-png.webp,,,AMD-PSJ-958-1,,,,,,2,,,Size,220g,,0
1926,variable,AMD-PSJ-958-2,,"Nến thơm cao cấp| Nến kể chuyện | Me or cigarette",1,1,visible,"Hương thơm giúp thư giãn tinh thần sau một ngày làm việc mệt mỏi","<h4>Về sản phẩm</h4>\n<p data-start=""52"" data-end=""291"">Ai thi thoảng cũng có cho mình vài khoảnh khắc say đắm trong sự cám dỗ và hoang mang hứng khởi. Với mùi thuốc lá đỏ đặc quánh trong không trung, bạn không phải bật lửa đốt thuốc mà vẫn có thể cảm thấy một chút rạo rực bồi hồi trong lòng nhờ mùi hương từ Me or cigarette của Nghikigai.</p>\n<p data-start=""293"" data-end=""317""><strong data-start=""293"" data-end=""315"">Phù hợp với người:</strong></p>\n\n<ul data-start=""318"" data-end=""500"">\n 	<li data-start=""318"" data-end=""395"">\n<p data-start=""320"" data-end=""395"">Sau một ngày mỏi mệt, muốn thưởng thức một ly rượu vang và đốt điếu thuốc</p>\n</li>\n 	<li data-start=""396"" data-end=""448"">\n<p data-start=""398"" data-end=""448"">Nhớ quặn quay một ai đó nhưng không thể quay lại</p>\n</li>\n 	<li data-start=""449"" data-end=""500"">\n<p data-start=""451"" data-end=""500"">Cần một chút nam tính hiện hữu trong không gian</p>\n</li>\n</ul>\n<table class=""bordered"">\n<tbody>\n<tr>\n<th colspan=""2"">CHI TIẾT SẢN PHẨM</th>\n</tr>\n<tr>\n<td style=""width: 150px;""><strong>Thành phần</strong></td>\n<td>Sáp cọ, sáp ong, tinh dầu Mỹ cao cấp</td>\n</tr>\n<tr>\n<td style=""width: 150px;""><strong>Khối lượng</strong></td>\n<td>100g/220g</td>\n</tr>\n<tr>\n<td style=""width: 150px;""><strong>Chất liệu hủ</strong></td>\n<td>Thuỷ tinh</td>\n</tr>\n<tr>\n<td style=""width: 150px;""><strong>Nơi sản xuất</strong></td>\n<td>Việt Nam</td>\n</tr>\n</tbody>\n</table>",,,taxable,,1,99,,notify,0,0.500,,,,1,,,,"Nến thơm cao cấp > Nến kể chuyện, Nến thơm cao cấp",,,https://nghikigai.com/wp-content/uploads/2023/10/tai-xuong-2.webp,,,,,,,,,0,,,Size,"100g, 220g",1,0
1927,variation,,,"Nến thơm cao cấp| Nến kể chuyện | Me or cigarette - 100g",1,0,visible,,,,,taxable,parent,1,,,0,0,0.1,,,,0,,,150000,,,,https://nghikigai.com/wp-content/uploads/2025/09/IMG_9650-scaled-jpg.webp,,,AMD-PSJ-958-2,,,,,,1,,,Size,100g,,0
1928,variation,,,"Nến thơm cao cấp| Nến kể chuyện | Me or cigarette - 220g",1,0,visible,,,,,taxable,parent,1,,,0,0,0.22,,,,0,,,320000,,,,https://nghikigai.com/wp-content/uploads/2025/09/NKC-Me-or-Cigarette-01-png.webp,,,AMD-PSJ-958-2,,,,,,2,,,Size,220g,,0
1951,variable,AMD-PSJ-958-3,,"Nến thơm cao cấp| Nến kể chuyện | Bay đi, Ikigai",1,1,visible,"BAY ĐI, IKIGAI! là một hũ nến rất đặc biệt mình làm ra sau khi trải qua một cuộc hội ngộ dễ thương với bé chim non không biết bay. Bé vô tình đi lạc vô tiệm của mình những ngày đầu mình đang sửa tiệm.","<h4>Về sản phẩm</h4>\n<p class=""QN2lPu"">BAY ĐI, IKIGAI! - MÙI CỦA ĐẤT ẨM, TÁN LÁ ƯỚT VÀ SỰ TỰ DO.</p>\n<p class=""QN2lPu"">BAY ĐI, IKIGAI! là một hũ nến rất đặc biệt mình làm ra sau khi trải qua một cuộc hội ngộ dễ thương với bé chim non không biết bay. Bé vô tình đi lạc vô tiệm của mình - Nghikigai, những ngày đầu mình đang sửa tiệm.</p>\n<p class=""QN2lPu"">Mình nghe tiếng chim non cứ ríu rít từ sáng đến chiều, mình còn thầm nghĩ là: ""Bé chim nào vô tiệm mà hót hay quá chừng"". Nhưng tới chiều tối sắp đóng cửa mà bé chim vẫn không bay đi, thì mình mới nhận ra em là chim non đi lạc và chưa bay vững.</p>\n<p class=""QN2lPu"">Thế là mình tìm em và bắt được em dễ dàng. Em cứ thế leo lên tay mình và vẫn tiếp tục ríu rít nói chuyện. Lần đầu tiên có một bé chim trên tay và khuôn mặt em rất dễ thương, trời thì đã tối, ngó lên cành cây sơ ri chẳng thấy gì. Thế là mình nghĩ, thôi cứ tạm để em ở đây, cùng lắm mình nuôi luôn. Và mình đã vội vàng đặt tên cho em là Ikigai, sau đó mua đồ ăn cho chim non, lồng chim, mọi thứ để chăm sóc chim non để giao hỏa tốc.</p>\n<p class=""QN2lPu"">Tối đó, em trên tay mình và ăn lấy ăn để thức ăn chim non mình vừa mới pha. Mình hỏi em là: ""Giờ đặt tên con là Ikigai nha, coi như linh vật rồi nuôi luôn nha chịu khum?""; thì ẻm đáp lời: ""Chíp"" (tiếng chim nhé chứ ko phải tiếng gà con đâu mà mình ko biết chim nó kêu thế nào sang văn viết :)))</p>\n<p class=""QN2lPu"">Nói xong mình đưa em vô chiếc lồng xinh đẹp mới mua, lót ấm áp kèm đồ ăn nước uống cho em đêm nay rồi đóng cửa đi về.</p>\n<p class=""QN2lPu"">Được đúng một hôm, sáng mình ghé tiệm sớm thì có vẻ như tối qua ba má em ở ngoài nói chuyện với em rất nghiêm túc, rằng: ""Con phải kêu chị Nghi cho con đi ra đi, rồi ba má mới tập cho con bay được, rồi mới tự do được không là ở trong lồng suốt đời đó con ơi"".</p>\n<p class=""QN2lPu"">Có vẻ vậy, nên sáng đó mình tới, bé Ikigai nhất định đập cánh đòi bay ra ngoài. Thế là dù rất lo lắng tình trạng non nớt đó, mình quyết định thả em ra dưới cây sơ ri kín đáo, rồi vào trong nhìn camera. Ba mẹ của bé Ikigai sà xuống. Thậm chí, mẹ nó còn bay lên cái thành tường một bậc, nó bay lên theo xong té cái bịch mà mình ruột gan lo lắng hết sức. Nhưng chị bác sĩ thú y thân thiết của mình nói rằng: ""Phải thả em đi, ba mẹ em mới chăm sóc được chứ mình không biết cách thì vài bữa em cũng sẽ mất"".</p>\n\n<table class=""bordered"">\n<tbody>\n<tr>\n<th colspan=""2"">CHI TIẾT SẢN PHẨM</th>\n</tr>\n<tr>\n<td style=""width: 150px;""><strong>Thành phần</strong></td>\n<td>Sáp cọ, sáp ong, tinh dầu Mỹ cao cấp</td>\n</tr>\n<tr>\n<td style=""width: 150px;""><strong>Khối lượng</strong></td>\n<td>100g/220g</td>\n</tr>\n<tr>\n<td style=""width: 150px;""><strong>Chất liệu hủ</strong></td>\n<td>Thuỷ tinh</td>\n</tr>\n<tr>\n<td style=""width: 150px;""><strong>Nơi sản xuất</strong></td>\n<td>Việt Nam</td>\n</tr>\n</tbody>\n</table>",,,taxable,,1,100,,notify,0,0.500,,,,1,,,,"Nến thơm cao cấp > Nến kể chuyện, Nến thơm cao cấp",,,"https://nghikigai.com/wp-content/uploads/2023/10/tai-xuong-7.webp, https://nghikigai.com/wp-content/uploads/2023/10/FullSizeRender_VSCO-41-scaled.webp",,,,,,,,,0,,,Size,"100g, 220g",1,0
1952,variation,,,"Nến thơm cao cấp| Nến kể chuyện | Bay đi, Ikigai - 100g",1,0,visible,,,,,taxable,parent,1,,,0,0,0.1,,,,0,,,150000,,,,https://nghikigai.com/wp-content/uploads/2025/09/IMG_9650-scaled-jpg.webp,,,AMD-PSJ-958-3,,,,,,1,,,Size,100g,,0
1953,variation,,,"Nến thơm cao cấp| Nến kể chuyện | Bay đi, Ikigai - 220g",1,0,visible,,,,,taxable,parent,1,,,0,0,0.22,,,,0,,,320000,,,,https://nghikigai.com/wp-content/uploads/2025/09/NKC-Bay-di-Ikigai-01-png.webp,,,AMD-PSJ-958-3,,,,,,2,,,Size,220g,,0
1957,variable,AMD-PSJ-958-3-1,,"Nến thơm cao cấp| Nến kể chuyện | Born to tell stories",1,1,visible,"Khi câu chuyện vẫy gọi, người kể chuyện không thể làm ngơ. Hãy đốt nến lên, nghe thêm một chút tiếng ồn trắng (white noise) hoặc nhạc lofi, và viết.","<h4>Về sản phẩm</h4>\n<p class=""QN2lPu"">Câu chuyện là thứ gắn liền với tụi mình. Chừng nào đầu óc còn có thể sáng tạo, thì cuộc sống này còn rất muôn màu. Ai cũng có một câu chuyện để kể, nhưng không phải ai cũng biết cách nói cho người khác nghe trải nghiệm của mình, tình huống của mình mà vẫn vẹn nguyên cảm xúc.</p>\n<p class=""QN2lPu"">Người kể chuyện (Storytellers) hay đúng hơn là những bạn làm việc trong lĩnh vực sáng tạo đều là những người kể chuyện. Chúng ta có một sứ mệnh là thay người khác kể lại câu chuyện của họ. Để làm gì? Để nếu đó là một câu chuyện của tình yêu thương, thì nó sẽ lan tỏa mạnh mẽ tình cảm quý giá đó. Nếu đó là một câu chuyện của sự đấu tranh, cố gắng không ngừng nghỉ, thì việc kể lại chính là giúp cho những người đang ở một hố sâu nhìn thấy được ánh sáng. Để họ biết rằng: Ồ đây là một tín hiệu để mình phải đi tiếp!</p>\n<p class=""QN2lPu"">Born to tell stories là cái tên mình ngẫm nghĩ rồi lại thấy tâm đắc, thấy sao mà đúng và thiêng liêng quá. Và vì mình thích cái nghề sáng tạo nội dung này quá đỗi, mình đã chọn loại tinh dầu là mùi hoa anh đào Japanese Cherry Blossom để mình và bất cứ ai sáng tạo đều được hòa trong mùi hương dễ chịu này.</p>\n<p class=""QN2lPu"">Khi câu chuyện vẫy gọi, người kể chuyện không thể làm ngơ.</p>\n<p class=""QN2lPu"">Hãy đốt nến lên, nghe thêm một chút tiếng ồn trắng (white noise) hoặc nhạc lofi, và viết. Thế thôi.</p>\n\n<table class=""bordered"">\n<tbody>\n<tr>\n<th colspan=""2"">CHI TIẾT SẢN PHẨM</th>\n</tr>\n<tr>\n<td style=""width: 150px;""><strong>Thành phần</strong></td>\n<td>Sáp cọ, sáp ong, tinh dầu Mỹ cao cấp</td>\n</tr>\n<tr>\n<td style=""width: 150px;""><strong>Khối lượng</strong></td>\n<td>100g/220g</td>\n</tr>\n<tr>\n<td style=""width: 150px;""><strong>Chất liệu hủ</strong></td>\n<td>Thuỷ tinh</td>\n</tr>\n<tr>\n<td style=""width: 150px;""><strong>Nơi sản xuất</strong></td>\n<td>Việt Nam</td>\n</tr>\n</tbody>\n</table>",,,taxable,,1,98,,notify,0,0.500,,,,1,,,,"Nến thơm cao cấp > Nến kể chuyện, Nến thơm cao cấp",,,"https://nghikigai.com/wp-content/uploads/2025/09/86ec5b5d-6350-4c7e-9469-c860ea965ba1.webp, https://nghikigai.com/wp-content/uploads/2025/09/Born-to-tell-stories-scaled-e1758773193352.webp, https://nghikigai.com/wp-content/uploads/2025/09/NKC-Born-to-tell-stories-01-png.webp",,,,,,,,,0,,,Size,"100g, 220g",1,0
1958,variation,,,"Nến thơm cao cấp| Nến kể chuyện | Born to tell stories - 100g",1,0,visible,,,,,taxable,parent,1,,,0,0,0.1,,,,0,,,150000,,,,https://nghikigai.com/wp-content/uploads/2025/09/IMG_9650-scaled-jpg.webp,,,AMD-PSJ-958-3-1,,,,,,1,,,Size,100g,,0
1959,variation,,,"Nến thơm cao cấp| Nến kể chuyện | Born to tell stories - 220g",1,0,visible,,,,,taxable,parent,1,,,0,0,0.22,,,,0,,,320000,,,,https://nghikigai.com/wp-content/uploads/2025/09/NKC-Born-to-tell-stories-01-png.webp,,,AMD-PSJ-958-3-1,,,,,,2,,,Size,220g,,0
1961,variable,AMD-PSJ-958-3-1-1,,"Nến thơm cao cấp| Nến kể chuyện | Don't overthink, Just overdrink",1,1,visible,"Chễm chệ màu hồng rực rỡ nổi bật trên kệ, hũ nến có mùi rượu Whiskey say xỉn ngọt ngào và có phần loạng choạng này của Nghikigai đã liên tục được chọn.","<h4>Về sản phẩm</h4>\n<p class=""QN2lPu"">Chễm chệ màu hồng rực rỡ nổi bật trên kệ, hũ nến có mùi rượu Whiskey say xỉn ngọt ngào và có phần loạng choạng này của Nghikigai đã liên tục được chọn.</p>\n<p class=""QN2lPu"">Nghikigai - Tiệm nến, nước hoa, sổ khâu kiểu Nhật &amp; đồ thủ công được làm bằng niềm vui ❤️</p>\n<p class=""QN2lPu"">Những thứ nho nhỏ, cân bằng áp lực to to.</p>\n<p class=""QN2lPu"">Nghikigai lấy cảm hứng bởi Ikigai (lẽ sống) trong tiếng Nhật và mình thấy vui khi làm đồ thủ công. Những món đồ của mình làm ra có sứ mệnh xoa dịu tinh thần và vỗ về bạn sau mỗi ngày làm việc trở về nhà ❤️</p>\n\n<table class=""bordered"">\n<tbody>\n<tr>\n<th colspan=""2"">CHI TIẾT SẢN PHẨM</th>\n</tr>\n<tr>\n<td style=""width: 150px;""><strong>Thành phần</strong></td>\n<td>Sáp cọ, sáp ong, tinh dầu Mỹ cao cấp</td>\n</tr>\n<tr>\n<td style=""width: 150px;""><strong>Khối lượng</strong></td>\n<td>100g/220g</td>\n</tr>\n<tr>\n<td style=""width: 150px;""><strong>Chất liệu hủ</strong></td>\n<td>Thuỷ tinh</td>\n</tr>\n<tr>\n<td style=""width: 150px;""><strong>Nơi sản xuất</strong></td>\n<td>Việt Nam</td>\n</tr>\n</tbody>\n</table>",,,taxable,,1,99,,notify,0,0.500,,,,1,,,,"Nến thơm cao cấp > Nến kể chuyện, Nến thơm cao cấp",,,"https://nghikigai.com/wp-content/uploads/2023/10/tai-xuong-5.webp, https://nghikigai.com/wp-content/uploads/2025/09/vn-11134207-7r98o-lyf7nxkal7dt27.webp, https://nghikigai.com/wp-content/uploads/2025/09/NKC-Don_t-overthink-Just-overdrink-01-png.webp",,,,,,,,,0,,,Size,"100g, 220g",1,0
1962,variation,,,"Nến thơm cao cấp| Nến kể chuyện | Don't overthink, Just overdrink - 100g",1,0,visible,,,,,taxable,parent,1,,,0,0,0.1,,,,0,,,150000,,,,https://nghikigai.com/wp-content/uploads/2025/09/IMG_9650-scaled-jpg.webp,,,AMD-PSJ-958-3-1-1,,,,,,1,,,Size,100g,,0
1963,variation,,,"Nến thơm cao cấp| Nến kể chuyện | Don't overthink, Just overdrink - 220g",1,0,visible,,,,,taxable,parent,1,,,0,0,0.22,,,,0,,,320000,,,,https://nghikigai.com/wp-content/uploads/2025/09/NKC-Don_t-overthink-Just-overdrink-01-png.webp,,,AMD-PSJ-958-3-1-1,,,,,,2,,,Size,220g,,0
1967,variable,AMD-PSJ-958-3-1-1-1,,"Nến thơm cao cấp| Nến kể chuyện | Quiet before the storm",1,1,visible,"Mùi hương chủ đạo của Quiet before the storm là Hổ phách, Caramel, Xạ hương.","<h4>Về sản phẩm</h4>\n<p class=""QN2lPu"">Nến kể chuyện 𝗤𝘂𝗶𝗲𝘁 𝗯𝗲𝗳𝗼𝗿𝗲 𝘁𝗵𝗲 𝘀𝘁𝗼𝗿𝗺 (Tĩnh lặng trước cơn bão) của Nghikigai là một câu chuyện khác hẳn, nhưng Nghikigai không bao giờ nói về những điều thiếu tích cực. Đây đơn thuần được lấy cảm hứng từ một-cảm-giác mà bạn phải trải qua, không thể né tránh trước khi bước vào một cuộc chiến lớn, một thử thách khó nhằn hay một quá trình trưởng thành cần thiết.</p>\n<p class=""QN2lPu"">Nếu một cơn bão đang tới, nó giống như quy luật của cuộc sống vậy, bạn không thể lao vào cơn bão một cách bất chấp. Để giảm thiểu tổn thất và tăng khả năng chiến thắng, bạn cần phải điềm tĩnh chuẩn bị. Và đây chính là thông điệp chính của Quiet before the storm.</p>\n<p class=""QN2lPu"">Mùi hương chủ đạo: Hổ phách, Caramel, Xạ hương.</p>\n\n<table class=""bordered"">\n<tbody>\n<tr>\n<th colspan=""2"">CHI TIẾT SẢN PHẨM</th>\n</tr>\n<tr>\n<td style=""width: 150px;""><strong>Thành phần</strong></td>\n<td>Sáp cọ, sáp ong, tinh dầu Mỹ cao cấp</td>\n</tr>\n<tr>\n<td style=""width: 150px;""><strong>Khối lượng</strong></td>\n<td>100g/220g</td>\n</tr>\n<tr>\n<td style=""width: 150px;""><strong>Chất liệu hủ</strong></td>\n<td>Thuỷ tinh</td>\n</tr>\n<tr>\n<td style=""width: 150px;""><strong>Nơi sản xuất</strong></td>\n<td>Việt Nam</td>\n</tr>\n</tbody>\n</table>",,,taxable,,1,100,,notify,0,0.500,,,,1,,,,"Nến thơm cao cấp > Nến kể chuyện, Nến thơm cao cấp",,,"https://nghikigai.com/wp-content/uploads/2023/10/tai-xuong-1.webp, https://nghikigai.com/wp-content/uploads/2025/09/NKC-Quiet-before-the-storm-01.webp",,,,,,,,,0,,,Size,"100g, 220g",1,0
1968,variation,,,"Nến thơm cao cấp| Nến kể chuyện | Quiet before the storm - 100g",1,0,visible,,,,,taxable,parent,1,,,0,0,0.1,,,,0,,,150000,,,,https://nghikigai.com/wp-content/uploads/2025/09/IMG_9650-scaled-jpg.webp,,,AMD-PSJ-958-3-1-1-1,,,,,,1,,,Size,100g,,0
1969,variation,,,"Nến thơm cao cấp| Nến kể chuyện | Quiet before the storm - 220g",1,0,visible,,,,,taxable,parent,1,,,0,0,0.22,,,,0,,,320000,,,,https://nghikigai.com/wp-content/uploads/2025/09/NKC-Quiet-before-the-storm-01.webp,,,AMD-PSJ-958-3-1-1-1,,,,,,2,,,Size,220g,,0
1971,variable,AMD-PSJ-958-3-1-1-1-1,,"Nến thơm cao cấp| Nến kể chuyện | Lost in calm forest",1,1,visible,"Mùi hương của cỏ cây &amp; gỗ thông dịu mát, giúp bạn cảm nhận được một làn gió đưa thẳng bạn vào khu rừng yên tĩnh, nâng cao sự tập trung và thư giãn.","<h4>Về sản phẩm</h4>\n<span data-sheets-root=""1"">Khi bạn muốn một mình để viết lách và bạn đặc biệt yêu thích cây cối, rừng núi. Mùi hương của Cỏ cây &amp; Gỗ thông dịu mát của nến kể chuyện Lost in calm forest nhà Nghikigai, giúp bạn cảm nhận được một làn gió đưa thẳng bạn vào khu rừng yên tĩnh, nâng cao sự tập trung và thư giãn.</span>\n\nPhù hợp với người:\n- Tìm kiếm cảm giác dễ chịu, thư giãn, thả lỏng\n- Cần tập trung để viết, sáng tạo\n- Căng thẳng trong công việc, cuộc sống lâu ngày\n<table class=""bordered"">\n<tbody>\n<tr>\n<th colspan=""2"">CHI TIẾT SẢN PHẨM</th>\n</tr>\n<tr>\n<td style=""width: 150px;""><strong>Thành phần</strong></td>\n<td>Sáp cọ, sáp ong, tinh dầu Mỹ cao cấp</td>\n</tr>\n<tr>\n<td style=""width: 150px;""><strong>Khối lượng</strong></td>\n<td>100g/220g</td>\n</tr>\n<tr>\n<td style=""width: 150px;""><strong>Chất liệu hủ</strong></td>\n<td>Thuỷ tinh</td>\n</tr>\n<tr>\n<td style=""width: 150px;""><strong>Nơi sản xuất</strong></td>\n<td>Việt Nam</td>\n</tr>\n</tbody>\n</table>",,,taxable,,1,99,,notify,0,0.500,,,,1,,,,"Nến thơm cao cấp > Nến kể chuyện, Nến thơm cao cấp",,,"https://nghikigai.com/wp-content/uploads/2023/10/tai-xuong-3.webp, https://nghikigai.com/wp-content/uploads/2025/09/NKC-Lost-in-calm-forest-01.webp",,,,,,,,,0,,,Size,"100g, 220g",1,0
1972,variation,,,"Nến thơm cao cấp| Nến kể chuyện | Lost in calm forest - 100g",1,0,visible,,,,,taxable,parent,1,,,0,0,0.1,,,,0,,,150000,,,,https://nghikigai.com/wp-content/uploads/2025/09/IMG_9650-scaled-jpg.webp,,,AMD-PSJ-958-3-1-1-1-1,,,,,,1,,,Size,100g,,0
1973,variation,,,"Nến thơm cao cấp| Nến kể chuyện | Lost in calm forest - 220g",1,0,visible,,,,,taxable,parent,1,,,0,0,0.22,,,,0,,,320000,,,,https://nghikigai.com/wp-content/uploads/2025/09/NKC-Lost-in-calm-forest-01.webp,,,AMD-PSJ-958-3-1-1-1-1,,,,,,2,,,Size,220g,,0
1975,variable,AMD-PSJ-958-3-1-1-1-1-1,,"Nến thơm cao cấp| Nến kể chuyện | Reply 1989",1,1,visible,"Nến kể chuyện Reply 1989 (Thanh xuân rực rỡ) là hũ nến dành cho những tâm hồn hoài niệm, có một tuổi trẻ đầy ắp tiếng cười giòn tan, thời gian và ngập tràn sức sống.","<h4>Về sản phẩm</h4>\n<p class=""QN2lPu"">Nến kể chuyện Nghikigai 𝗥𝗲𝗽𝗹𝘆 𝟭𝟵𝟴𝟵 (Thanh xuân rực rỡ) là hũ nến dành cho những tâm hồn hoài niệm, có một tuổi trẻ đầy ắp tiếng cười giòn tan, thời gian và ngập tràn sức sống. Như một cái chớp mắt, bạn thấy mình như sống lại những ngày tắm dưới cơn mưa hay nhảy múa mà không ngại ngần ai đang dò xét. Bạn thấy mình đã sống đáng một thời đáng sống.</p>\n<p class=""QN2lPu"">Mùi hương chủ đạo: Garden Watermelon (Dưa hấu trong vườn)</p>\n\n<table class=""bordered"">\n<tbody>\n<tr>\n<th colspan=""2"">CHI TIẾT SẢN PHẨM</th>\n</tr>\n<tr>\n<td style=""width: 150px;""><strong>Thành phần</strong></td>\n<td>Sáp cọ, sáp ong, tinh dầu Mỹ cao cấp</td>\n</tr>\n<tr>\n<td style=""width: 150px;""><strong>Khối lượng</strong></td>\n<td>100g/220g</td>\n</tr>\n<tr>\n<td style=""width: 150px;""><strong>Chất liệu hủ</strong></td>\n<td>Thuỷ tinh</td>\n</tr>\n<tr>\n<td style=""width: 150px;""><strong>Nơi sản xuất</strong></td>\n<td>Việt Nam</td>\n</tr>\n</tbody>\n</table>",,,taxable,,1,99,,notify,0,0.500,,,,1,,,,"Nến thơm cao cấp > Nến kể chuyện, Nến thơm cao cấp",,,"https://nghikigai.com/wp-content/uploads/2023/10/tai-xuong.webp, https://nghikigai.com/wp-content/uploads/2025/09/NKC-Reply-1989-01-e1758947519128.webp",,,,,,,,,0,,,Size,"100g, 220g",1,0
1976,variation,,,"Nến thơm cao cấp| Nến kể chuyện | Reply 1989 - 100g",1,0,visible,,,,,taxable,parent,1,,,0,0,0.1,,,,0,,,150000,,,,https://nghikigai.com/wp-content/uploads/2025/09/IMG_9650-scaled-jpg.webp,,,AMD-PSJ-958-3-1-1-1-1-1,,,,,,1,,,Size,100g,,0
1977,variation,,,"Nến thơm cao cấp| Nến kể chuyện | Reply 1989 - 220g",1,0,visible,,,,,taxable,parent,1,,,0,0,0.22,,,,0,,,320000,,,,https://nghikigai.com/wp-content/uploads/2025/09/NKC-Reply-1989-01-e1758947519128.webp,,,AMD-PSJ-958-3-1-1-1-1-1,,,,,,2,,,Size,220g,,0
1979,variable,AMD-PSJ-958-3-1-1-1-1-1-1,,"Nến thơm cao cấp| Nến kể chuyện | In case of disconnection",1,1,visible,"Với mùi hương Vanilla như mùi bánh nhẹ nhàng không gắt, In case of disconnection mang lại cảm giác an toàn để bạn tự bảo vệ cảm xúc của chính mình.","<h4>Về sản phẩm</h4>\n<p class=""QN2lPu"">Nến kể chuyện In case of disconnection của Nghikigai - Khi bạn mất kết nối</p>\n<p class=""QN2lPu"">Làm việc cường độ cao trong thời gian quá dài, sẽ tới lúc bạn rơi vô trạng thái ngắt kết nối. Với mùi hương Vanilla như mùi bánh nhẹ nhàng không gắt, In case of disconnection mang lại cảm giác an toàn để bạn tự bảo vệ cảm xúc của chính mình.</p>\n<p class=""QN2lPu"">Phù hợp với người:</p>\n\n<ul>\n 	<li class=""QN2lPu"">Đang ở trạng thái kiệt sức, burnout, muốn từ bỏ</li>\n 	<li class=""QN2lPu"">Cần ngẫm nghĩ để ra quyết định quan trọng</li>\n 	<li class=""QN2lPu"">Mất kết nối, giảm kỳ vọng, nhìn mọi thứ vô nghĩa</li>\n</ul>\n<table class=""bordered"">\n<tbody>\n<tr>\n<th colspan=""2"">CHI TIẾT SẢN PHẨM</th>\n</tr>\n<tr>\n<td style=""width: 150px;""><strong>Thành phần</strong></td>\n<td>Sáp cọ, sáp ong, tinh dầu Mỹ cao cấp</td>\n</tr>\n<tr>\n<td style=""width: 150px;""><strong>Khối lượng</strong></td>\n<td>100g/220g</td>\n</tr>\n<tr>\n<td style=""width: 150px;""><strong>Chất liệu hủ</strong></td>\n<td>Thuỷ tinh</td>\n</tr>\n<tr>\n<td style=""width: 150px;""><strong>Nơi sản xuất</strong></td>\n<td>Việt Nam</td>\n</tr>\n</tbody>\n</table>",,,taxable,,1,100,,notify,0,0.500,,,,1,,,,"Nến thơm cao cấp > Nến kể chuyện, Nến thơm cao cấp",,,"https://nghikigai.com/wp-content/uploads/2023/10/tai-xuong-4.webp, https://nghikigai.com/wp-content/uploads/2025/09/NKC-In-case-of-disconnection-01.webp",,,,,,,,,0,,,Size,"100g, 220g",1,0
1980,variation,,,"Nến thơm cao cấp| Nến kể chuyện | In case of disconnection - 100g",1,0,visible,,,,,taxable,parent,1,,,0,0,0.1,,,,0,,,150000,,,,https://nghikigai.com/wp-content/uploads/2025/09/IMG_9650-scaled-jpg.webp,,,AMD-PSJ-958-3-1-1-1-1-1-1,,,,,,1,,,Size,100g,,0
1981,variation,,,"Nến thơm cao cấp| Nến kể chuyện | In case of disconnection - 220g",1,0,visible,,,,,taxable,parent,1,,,0,0,0.22,,,,0,,,320000,,,,https://nghikigai.com/wp-content/uploads/2025/09/NKC-In-case-of-disconnection-01.webp,,,AMD-PSJ-958-3-1-1-1-1-1-1,,,,,,2,,,Size,220g,,0
1983,variable,AMD-PSJ-958-3-1-1-1-1-1-1-1,,"Nến thơm cao cấp| Nến decor | Matcha Latte & Cà phê sữa",1,1,visible,"Nến decor không chỉ đẹp mắt mà còn mang hương thơm thanh tao, dịu nhẹ, mang đến cảm giác thư giãn và tươi mát như đang tận hưởng một khoảnh khắc bình yên.","<h4>Về sản phẩm</h4>\nNến decor được chế tác tinh tế, mô phỏng chân thực một ly matcha latte với hai tầng màu sắc hài hòa: lớp ""sữa"" trắng mịn ở dưới và lớp ""matcha"" xanh tươi ở trên. Những khối ""đá"" trong suốt cùng lớp ""bọt sữa"" nhẹ nhàng giúp sản phẩm trông như một ly matcha latte thực thụ.\n\nMàu sắc trang nhã, kết hợp giữa trắng và xanh lá, tạo cảm giác tươi mát, thanh lịch, phù hợp với mọi không gian.\n\n<strong>Hương thơm: </strong>\n<ul>\n 	<li>Mattcha Latte: Nhẹ nhàng như một buổi chiều ghé vào quán trà, hương matcha thanh mát, béo nhẹ lan tỏa khắp không gian. Nến Ly Matcha Latte tái hiện cảm giác thư thái và trong lành, đưa bạn như lạc vào tiệm trà yên bình. Thiết kế như một ly matcha latte thật, vừa tinh tế để decor, vừa mang lại trải nghiệm hương thơm tươi mới, dễ chịu cho tâm trí.</li>\n 	<li>Cà phê sữa: Hãy tưởng tượng bạn vừa bước vào một tiệm cà phê nhỏ, nơi hương thơm ngọt ngào và đậm đà của những hạt cà phê mới rang tràn ngập không gian. Nến Ly Cà Phê của Nghikigai tái hiện trọn vẹn cảm giác đó – ấm áp, gần gũi và đầy năng lượng. Với thiết kế như một ly cà phê thật, ngọn nến không chỉ là món decor độc đáo mà còn mang đến mùi hương chân thực, giúp bạn khởi đầu ngày mới sảng khoái hay tận hưởng những phút giây thư giãn như đang ngồi trong quán cà phê quen thuộc.</li>\n</ul>\n<strong>Điểm nổi bật:</strong>\n<ul>\n 	<li>Không chỉ là nến thơm, sản phẩm còn là món trang trí tinh tế, thích hợp đặt tại góc cà phê, phòng khách hoặc không gian làm việc, mang lại sự thư giãn và nhẹ nhàng.</li>\n 	<li>Là món quà độc đáo dành cho những ai yêu thích vẻ đẹp của matcha và hương thơm thanh mát của lá trà, gửi gắm thông điệp ngọt ngào và bình yên.</li>\n</ul>\n<table class=""bordered"" style=""height: 155px;"" width=""906"">\n<tbody>\n<tr>\n<th colspan=""2""><span style=""font-weight: 400;"">CHI TIẾT SẢN PHẨM</span></th>\n</tr>\n<tr>\n<td style=""width: 150px;"">Thành phần</td>\n<td>Sáp cọ, sáp ong, tinh dầu Mỹ cao cấp</td>\n</tr>\n<tr>\n<td style=""width: 150px;"">Khối lượng</td>\n<td>200g</td>\n</tr>\n<tr>\n<td style=""width: 150px;"">Chất liệu ly</td>\n<td>Thuỷ tinh</td>\n</tr>\n<tr>\n<td style=""width: 150px;"">Nơi sản xuất</td>\n<td>Việt Nam</td>\n</tr>\n</tbody>\n</table>",,,taxable,,1,100,,notify,0,0.500,,,,1,,,,"Nến thơm cao cấp > Nến decor, Nến thơm cao cấp",,,"https://nghikigai.com/wp-content/uploads/2025/09/Nen-Matcha-Latte-01-1.webp, https://nghikigai.com/wp-content/uploads/2025/09/vn-11134207-7ras8-m60nkfss6d0700@resize_w900_nl.webp, https://nghikigai.com/wp-content/uploads/2025/09/vn-11134207-7ras8-m60nkfss3jvb2d.webp, https://nghikigai.com/wp-content/uploads/2025/09/vn-11134207-7ra0g-m6oveuz1x454a6-e1760539923985.webp, https://nghikigai.com/wp-content/uploads/2025/09/vn-11134207-7ra0g-m6ovdgffvyjl31.webp, https://nghikigai.com/wp-content/uploads/2025/09/vn-11134207-7ras8-m60nt0xbuhbqe2@resize_w900_nl.webp",,,,,,,,,0,,,"Mùi hương","Matcha Latte, Cà phê sữa",1,0
1985,variation,,,"Nến thơm cao cấp| Nến decor | Matcha Latte & Cà phê sữa - Matcha Latte",1,0,visible,,"Dù là ly matcha latte, nhưng nến lại mang hương trà thanh tao, dịu nhẹ, mang đến cảm giác thư giãn và tươi mát như đang tận hưởng một khoảnh khắc bình yên.",,,taxable,parent,1,,,0,0,0.2,,,,0,,,250000,,,,https://nghikigai.com/wp-content/uploads/2025/09/vn-11134207-7ras8-m60nkfss6d0700@resize_w900_nl.webp,,,AMD-PSJ-958-3-1-1-1-1-1-1-1,,,,,,2,,,"Mùi hương","Matcha Latte",,0
1992,variation,,,"Nến thơm cao cấp| Nến decor | Matcha Latte & Cà phê sữa - Cà phê sữa",1,0,visible,," \n 	\nHãy tưởng tượng bạn vừa bước vào một tiệm cà phê nhỏ, nơi hương thơm ngọt ngào và đậm đà của những hạt cà phê mới rang tràn ngập không gian. Nến Ly Cà Phê của Nghikigai tái hiện trọn vẹn cảm giác đó – ấm áp, gần gũi và đầy năng lượng. Với thiết kế như một ly cà phê thật, ngọn nến không chỉ là món decor độc đáo mà còn mang đến mùi hương chân thực, giúp bạn khởi đầu ngày mới sảng khoái hay tận hưởng những phút giây thư giãn như đang ngồi trong quán cà phê quen thuộc.",,,taxable,parent,1,,,0,0,0.2,,,,0,,,250000,,,,https://nghikigai.com/wp-content/uploads/2025/09/vn-11134207-7ras8-m60nt0xbuhbqe2@resize_w900_nl.webp,,,AMD-PSJ-958-3-1-1-1-1-1-1-1,,,,,,1,,,"Mùi hương","Cà phê sữa",,0
1994,variable,AMD-PSJ-958-3-1-1-1-1-1-1-2,,"Nến thơm cao cấp| Nến thông điệp",1,1,visible,"Loại nến thông điệp được yêu thích bởi nó thay chúng ta nói lời yêu thương theo cách đỡ ngại ngùng nhất.","<h4>Về sản phẩm</h4>\nNgộ nghĩnh ở chỗ đi comment dạo thì dễ đùa dễ giỡn, còn lúc cần nghiêm túc nói lời thật lòng với người thân, người thương thì lại không biết làm sao để mở lời.\n\nChắc vì vậy mà nến thông điệp trở thành món quà rất phổ biến thời gian gần đây.\n\nCó bạn đặt nến thông điệp để gửi một lời chúc sinh nhật, có bạn gửi đến ba mẹ, người mình quý mến. Những lời bạn không thể nói thì nến thông điệp sẽ thay bạn chuyển lời. Còn không thì bạn vẫn có thể tự tặng cho bản thân một hủ nến thông điệp ngẫu nhiên, để xem xem vũ trụ đang muốn nhắn nhủ gì đến bạn.😊\n\n💖 Mùi hương đa dạng tông gỗ, hoa, thảo mộc...\n\n💖 Gói quà dễ thương, chỉn chu đến người nhận.\n\n💖 Inbox nếu bạn không muốn random, và muốn biết trước những thông điệp ngẫu nhiên có sẵn tại tiệm, hoặc nếu bạn đặt custom riêng cho thông điệp nha!\n\nThông điệp có thể được viết tay và Nghikigai sẽ gửi gắm vào hũ nến. Có nhiều mùi hương để bạn chọn cho hũ nến đặc biệt này.\n\nNến vừa thơm lại vừa ý nghĩa nhẹ nhàng, mình nghĩ trong đầu bạn đã có hình ảnh của người muốn tặng rồi.\n<p class=""QN2lPu"">Chỉ sau 5 phút đốt lên, những dòng tâm tư được gửi gắm bên dưới lớp sáp mịn dần hiện lên. Loại nến thông điệp được yêu thích không kém Nến Kể Chuyện bởi nó thay chúng ta nói lời yêu thương theo cách đỡ ngại ngùng nhất.</p>\n\n<table class=""bordered"">\n<tbody>\n<tr>\n<th colspan=""2""><span style=""font-weight: 400;"">CHI TIẾT SẢN PHẨM</span></th>\n</tr>\n<tr>\n<td style=""width: 150px;"">Thành phần</td>\n<td>Sáp cọ, sáp ong, tinh dầu Mỹ cao cấp</td>\n</tr>\n<tr>\n<td style=""width: 150px;"">Khối lượng</td>\n<td>100g/220g</td>\n</tr>\n<tr>\n<td style=""width: 150px;"">Chất liệu hủ</td>\n<td>Thuỷ tinh</td>\n</tr>\n<tr>\n<td style=""width: 150px;"">Nơi sản xuất</td>\n<td>Việt Nam</td>\n</tr>\n</tbody>\n</table>",,,taxable,,1,100,,notify,0,0.500,,,,1,,,,"Nến thơm cao cấp, Nến thơm cao cấp > Nến thông điệp",,,"https://nghikigai.com/wp-content/uploads/2025/09/vn-11134207-7ras8-m4r8tx0g53ifbc-1.webp, https://nghikigai.com/wp-content/uploads/2025/09/vn-11134207-7ras8-m52o0fr32ng638.webp, https://nghikigai.com/wp-content/uploads/2025/09/vn-11134207-7ras8-m3ejjbbborlh87.webp, https://nghikigai.com/wp-content/uploads/2025/09/tai-xuong.webp, https://nghikigai.com/wp-content/uploads/2025/09/tai-xuong-5.webp, https://nghikigai.com/wp-content/uploads/2025/09/tai-xuong-4.webp, https://nghikigai.com/wp-content/uploads/2025/09/tai-xuong-3.webp, https://nghikigai.com/wp-content/uploads/2025/09/tai-xuong-2.webp, https://nghikigai.com/wp-content/uploads/2025/09/tai-xuong-1.webp, https://nghikigai.com/wp-content/uploads/2025/09/vn-11134207-7ras8-m52loxtzvfurcd.webp",,,,,,,,,0,,,Size,"100g, 220g",1,0
1995,variation,,,"Nến thơm cao cấp| Nến thông điệp - 100g",1,0,visible,,,,,taxable,parent,1,,,0,0,0.1,,,,0,,,195000,,,,,,,AMD-PSJ-958-3-1-1-1-1-1-1-2,,,,,,1,,,Size,100g,,0
1996,variation,,,"Nến thơm cao cấp| Nến thông điệp - 220g",1,0,visible,,,,,taxable,parent,1,,,0,0,0.22,,,,0,,,390000,,,,,,,AMD-PSJ-958-3-1-1-1-1-1-1-2,,,,,,2,,,Size,220g,,0
2010,variable,AMD-PSJ-958-3-1-1-1-1-1-1-1-1,,"Nến thơm cao cấp| Nến decor | Matcha Latte & Cà phê sữa (Sao chép)",-1,1,visible,"Nến decor không chỉ đẹp mắt mà còn mang hương thơm thanh tao, dịu nhẹ, mang đến cảm giác thư giãn và tươi mát như đang tận hưởng một khoảnh khắc bình yên.","<h4>Về sản phẩm</h4>\nNến decor được chế tác tinh tế, mô phỏng chân thực một ly matcha latte với hai tầng màu sắc hài hòa: lớp ""sữa"" trắng mịn ở dưới và lớp ""matcha"" xanh tươi ở trên. Những khối ""đá"" trong suốt cùng lớp ""bọt sữa"" nhẹ nhàng giúp sản phẩm trông như một ly matcha latte thực thụ.\n\nMàu sắc trang nhã, kết hợp giữa trắng và xanh lá, tạo cảm giác tươi mát, thanh lịch, phù hợp với mọi không gian.\n\n<strong>Hương thơm: </strong>\n<ul>\n 	<li>Mattcha Latte: Nhẹ nhàng như một buổi chiều ghé vào quán trà, hương matcha thanh mát, béo nhẹ lan tỏa khắp không gian. Nến Ly Matcha Latte tái hiện cảm giác thư thái và trong lành, đưa bạn như lạc vào tiệm trà yên bình. Thiết kế như một ly matcha latte thật, vừa tinh tế để decor, vừa mang lại trải nghiệm hương thơm tươi mới, dễ chịu cho tâm trí.</li>\n 	<li>Cà phê sữa: Hãy tưởng tượng bạn vừa bước vào một tiệm cà phê nhỏ, nơi hương thơm ngọt ngào và đậm đà của những hạt cà phê mới rang tràn ngập không gian. Nến Ly Cà Phê của Nghikigai tái hiện trọn vẹn cảm giác đó – ấm áp, gần gũi và đầy năng lượng. Với thiết kế như một ly cà phê thật, ngọn nến không chỉ là món decor độc đáo mà còn mang đến mùi hương chân thực, giúp bạn khởi đầu ngày mới sảng khoái hay tận hưởng những phút giây thư giãn như đang ngồi trong quán cà phê quen thuộc.</li>\n</ul>\n<strong>Điểm nổi bật:</strong>\n<ul>\n 	<li>Không chỉ là nến thơm, sản phẩm còn là món trang trí tinh tế, thích hợp đặt tại góc cà phê, phòng khách hoặc không gian làm việc, mang lại sự thư giãn và nhẹ nhàng.</li>\n 	<li>Là món quà độc đáo dành cho những ai yêu thích vẻ đẹp của matcha và hương thơm thanh mát của lá trà, gửi gắm thông điệp ngọt ngào và bình yên.</li>\n</ul>\n<table class=""bordered"" style=""height: 155px;"" width=""906"">\n<tbody>\n<tr>\n<th colspan=""2""><span style=""font-weight: 400;"">CHI TIẾT SẢN PHẨM</span></th>\n</tr>\n<tr>\n<td style=""width: 150px;"">Thành phần</td>\n<td>Sáp cọ, sáp ong, tinh dầu Mỹ cao cấp</td>\n</tr>\n<tr>\n<td style=""width: 150px;"">Khối lượng</td>\n<td>200g</td>\n</tr>\n<tr>\n<td style=""width: 150px;"">Chất liệu ly</td>\n<td>Thuỷ tinh</td>\n</tr>\n<tr>\n<td style=""width: 150px;"">Nơi sản xuất</td>\n<td>Việt Nam</td>\n</tr>\n</tbody>\n</table>",,,taxable,,1,100,,notify,0,0.500,,,,1,,,,"Nến thơm cao cấp > Nến decor, Nến thơm cao cấp",,,"https://nghikigai.com/wp-content/uploads/2025/09/Nen-Matcha-Latte-01-1.webp, https://nghikigai.com/wp-content/uploads/2025/09/vn-11134207-7ras8-m60nkfss6d0700@resize_w900_nl.webp, https://nghikigai.com/wp-content/uploads/2025/09/vn-11134207-7ras8-m60nkfss3jvb2d.webp, https://nghikigai.com/wp-content/uploads/2025/09/vn-11134207-7ra0g-m6oveuz1x454a6-e1760539923985.webp, https://nghikigai.com/wp-content/uploads/2025/09/vn-11134207-7ra0g-m6ovdgffvyjl31.webp, https://nghikigai.com/wp-content/uploads/2025/09/vn-11134207-7ras8-m60nt0xbuhbqe2@resize_w900_nl.webp",,,,,,,,,0,,,"Mùi hương","Matcha Latte, Cà phê sữa",1,0
2011,variation,,,"Nến thơm cao cấp| Nến decor | Matcha Latte & Cà phê sữa (Sao chép) - Cà phê sữa",-1,0,visible,," \n 	\nHãy tưởng tượng bạn vừa bước vào một tiệm cà phê nhỏ, nơi hương thơm ngọt ngào và đậm đà của những hạt cà phê mới rang tràn ngập không gian. Nến Ly Cà Phê của Nghikigai tái hiện trọn vẹn cảm giác đó – ấm áp, gần gũi và đầy năng lượng. Với thiết kế như một ly cà phê thật, ngọn nến không chỉ là món decor độc đáo mà còn mang đến mùi hương chân thực, giúp bạn khởi đầu ngày mới sảng khoái hay tận hưởng những phút giây thư giãn như đang ngồi trong quán cà phê quen thuộc.",,,taxable,parent,1,,,0,0,0.2,,,,0,,,250000,,,,https://nghikigai.com/wp-content/uploads/2025/09/vn-11134207-7ras8-m60nt0xbuhbqe2@resize_w900_nl.webp,,,AMD-PSJ-958-3-1-1-1-1-1-1-1-1,,,,,,1,,,"Mùi hương","Cà phê sữa",,0
2012,variation,,,"Nến thơm cao cấp| Nến decor | Matcha Latte & Cà phê sữa (Sao chép) - Matcha Latte",-1,0,visible,,"Dù là ly matcha latte, nhưng nến lại mang hương trà thanh tao, dịu nhẹ, mang đến cảm giác thư giãn và tươi mát như đang tận hưởng một khoảnh khắc bình yên.",,,taxable,parent,1,,,0,0,0.2,,,,0,,,250000,,,,https://nghikigai.com/wp-content/uploads/2025/09/vn-11134207-7ras8-m60nkfss6d0700@resize_w900_nl.webp,,,AMD-PSJ-958-3-1-1-1-1-1-1-1-1,,,,,,2,,,"Mùi hương","Matcha Latte",,0
2013,variable,AMD-PSJ-958-3-1-1-1-1-1-1-3,,"Nước hoa độc bản | Flora",1,1,visible,"Khi FLORA tiếp xúc với cơ thể, bạn sẽ cảm thấy như mình đang lạc giữa cánh đồng hoa rộng lớn.","<h4>Về sản phẩm</h4>\nNước hoa độc bản (Handmade Perfume) là dòng sản phẩm mang dấu ấn riêng của Nghikigai. Dòng nước hoa thủ công thiên hoa, mang đến hương thơm nữ tính dễ chịu. Khi FLORA tiếp xúc với cơ thể, bạn sẽ cảm thấy như mình đang lạc giữa cánh đồng hoa rộng lớn.\n<p class=""QN2lPu"">Ngoài 4 mùi signature của Nghikigai, khách hàng có thể đặt làm nước hoa theo yêu cầu (Custom Perfume) – dựa trên cá tính, câu chuyện hoặc sở thích riêng, để tạo nên một mùi hương hoàn toàn độc bản, lý tưởng làm quà tặng cao cấp.</p>\n\n<table class=""bordered"">\n<tbody>\n<tr>\n<th colspan=""2"">CHI TIẾT SẢN PHẨM</th>\n</tr>\n<tr>\n<td style=""width: 150px;""><strong>Thành phần</strong></td>\n<td>Mỗi chai nước hoa đều được pha chế thủ công với nguyên liệu nhập khẩu chuẩn IFRA, vừa tinh tế vừa khác biệt.</td>\n</tr>\n<tr>\n<td style=""width: 150px;""><strong>Khối lượng</strong></td>\n<td>30ml</td>\n</tr>\n<tr>\n<td style=""width: 150px;""><strong>Chất liệu chai</strong></td>\n<td>Thuỷ tinh</td>\n</tr>\n<tr>\n<td style=""width: 150px;""><strong>Nơi sản xuất</strong></td>\n<td>Việt Nam</td>\n</tr>\n</tbody>\n</table>",,,taxable,,1,100,,notify,0,0.500,,,,1,,,,"Nước hoa độc bản",,,https://nghikigai.com/wp-content/uploads/2025/09/NHDB-Flora-01-1.webp,,,,,,,,,0,,,Size,30ml,1,0
2014,variation,,,"Nước hoa độc bản | Flora - 30ml",1,0,visible,,,,,taxable,parent,1,,,0,0,0.2,,,,0,,,390000,,,,https://nghikigai.com/wp-content/uploads/2025/09/NHDB-Flora-01-1.webp,,,AMD-PSJ-958-3-1-1-1-1-1-1-3,,,,,,1,,,Size,30ml,,0
2018,variable,AMD-PSJ-958-3-1-1-1-1-1-1-3-1,,"Nước hoa độc bản | Tokyo",1,1,visible,"Tokyo có mùi lá thuốc lá, tạo nên chút bí ẩn và cảm giác e dè.","<h4>Về sản phẩm</h4>\nNước hoa độc bản (Handmade Perfume) là dòng sản phẩm mang dấu ấn riêng của Nghikigai. Tokyo có mùi lá thuốc lá, tạo nên chút bí ẩn và cảm giác e dè. Đó là mùi hương liên tưởng đến khu phố có các Yakuza, biển quảng cáo neon và nhóm người tụ tập bàn tính chuyện gì đó. Mùi hương của Tokyo gây sợ hãi, nhưng đầy phấn khích. Nó dành cho những tính cách mạnh mẽ, ngoan cố, lì lợm.\n<p class=""QN2lPu"">Ngoài 4 mùi signature của Nghikigai, khách hàng có thể đặt làm nước hoa theo yêu cầu (Custom Perfume) – dựa trên cá tính, câu chuyện hoặc sở thích riêng, để tạo nên một mùi hương hoàn toàn độc bản, lý tưởng làm quà tặng cao cấp.</p>\n\n<table class=""bordered"">\n<tbody>\n<tr>\n<th colspan=""2"">CHI TIẾT SẢN PHẨM</th>\n</tr>\n<tr>\n<td style=""width: 150px;""><strong>Thành phần</strong></td>\n<td>Mỗi chai nước hoa đều được pha chế thủ công với nguyên liệu nhập khẩu chuẩn IFRA, vừa tinh tế vừa khác biệt.</td>\n</tr>\n<tr>\n<td style=""width: 150px;""><strong>Khối lượng</strong></td>\n<td>30ml</td>\n</tr>\n<tr>\n<td style=""width: 150px;""><strong>Chất liệu chai</strong></td>\n<td>Thuỷ tinh</td>\n</tr>\n<tr>\n<td style=""width: 150px;""><strong>Nơi sản xuất</strong></td>\n<td>Việt Nam</td>\n</tr>\n</tbody>\n</table>",,,taxable,,1,100,,notify,0,0.500,,,,1,,,,"Nước hoa độc bản",,,https://nghikigai.com/wp-content/uploads/2025/09/NHDB-Tokyo-01.webp,,,,,,,,,0,,,Size,30ml,1,0
2019,variation,,,"Nước hoa độc bản | Tokyo - 30ml",1,0,visible,,,,,taxable,parent,1,,,0,0,0.2,,,,0,,,390000,,,,https://nghikigai.com/wp-content/uploads/2025/09/NHDB-Tokyo-01.webp,,,AMD-PSJ-958-3-1-1-1-1-1-1-3-1,,,,,,1,,,Size,30ml,,0
2024,variable,AMD-PSJ-958-3-1-1-1-1-1-1-3-1-1,,"Nước hoa độc bản | Hidden",1,1,visible,"Một chút hoa trên nền xạ hương, tượng trưng cho một dòng ký ức khó gọi tên.","<h4>Về sản phẩm</h4>\nNước hoa độc bản (Handmade Perfume) là dòng sản phẩm mang dấu ấn riêng của Nghikigai. Bạn không biết gì về Hidden cả, cho tới khi bạn tìm thấy nó. Hidden có mùi đậm hơn FLORA, nhưng lại theo một trường phái khác hẳn Tokyo. Một chút hoa trên nền xạ hương, tượng trưng cho một dòng ký ức khó gọi tên. Nó khiến bạn nhớ, nhưng không hiểu vì sao lại nhớ. Chỉ đơn giản là ấn tượng.\n<p class=""QN2lPu"">Ngoài 4 mùi signature của Nghikigai, khách hàng có thể đặt làm nước hoa theo yêu cầu (Custom Perfume) – dựa trên cá tính, câu chuyện hoặc sở thích riêng, để tạo nên một mùi hương hoàn toàn độc bản, lý tưởng làm quà tặng cao cấp.</p>\n\n<table class=""bordered"">\n<tbody>\n<tr>\n<th colspan=""2"">CHI TIẾT SẢN PHẨM</th>\n</tr>\n<tr>\n<td style=""width: 150px;""><strong>Thành phần</strong></td>\n<td>Mỗi chai nước hoa đều được pha chế thủ công với nguyên liệu nhập khẩu chuẩn IFRA, vừa tinh tế vừa khác biệt.</td>\n</tr>\n<tr>\n<td style=""width: 150px;""><strong>Khối lượng</strong></td>\n<td>30ml</td>\n</tr>\n<tr>\n<td style=""width: 150px;""><strong>Chất liệu chai</strong></td>\n<td>Thuỷ tinh</td>\n</tr>\n<tr>\n<td style=""width: 150px;""><strong>Nơi sản xuất</strong></td>\n<td>Việt Nam</td>\n</tr>\n</tbody>\n</table>",,,taxable,,1,100,,notify,0,0.500,,,,1,,,,"Nước hoa độc bản",,,https://nghikigai.com/wp-content/uploads/2025/09/NHDB-Hidden-01.webp,,,,,,,,,0,,,Size,30ml,1,0
2025,variation,,,"Nước hoa độc bản | Hidden - 30ml",1,0,visible,,,,,taxable,parent,1,,,0,0,0.2,,,,0,,,390000,,,,https://nghikigai.com/wp-content/uploads/2025/09/NHDB-Hidden-01.webp,,,AMD-PSJ-958-3-1-1-1-1-1-1-3-1-1,,,,,,1,,,Size,30ml,,0
2026,variable,AMD-PSJ-958-3-1-1-1-1-1-1-3-1-2,,"Nước hoa độc bản | Botan",1,1,visible,"Mùi hương của Botan mang đến cảm giác như có một nàng tiên mẫu đơn nhẹ nhàng bay quanh bạn, tạo nên sự thanh tao và mát mẻ đầy quyến rũ.","<h4>Về sản phẩm</h4>\nNước hoa độc bản (Handmade Perfume) là dòng sản phẩm mang dấu ấn riêng của Nghikigai. Mùi hương của Botan mang đến cảm giác như có một nàng tiên mẫu đơn nhẹ nhàng bay quanh bạn, tạo nên sự thanh tao và mát mẻ đầy quyến rũ. Hương thơm nhẹ nhàng nhưng lại rất sảng khoái, giúp xoa dịu những cảm xúc khó chịu, mang lại cảm giác dễ chịu và thư giãn. Sự mềm mại và dịu dàng từ hoa mẫu đơn kết hợp cùng những tầng hương tinh tế khác, khiến cho Botan trở thành lựa chọn hoàn hảo để bạn thả lỏng và tìm về cảm giác an yên trong tâm hồn.\n<p class=""QN2lPu"">Ngoài 4 mùi signature của Nghikigai, khách hàng có thể đặt làm nước hoa theo yêu cầu (Custom Perfume) – dựa trên cá tính, câu chuyện hoặc sở thích riêng, để tạo nên một mùi hương hoàn toàn độc bản, lý tưởng làm quà tặng cao cấp.</p>\n\n<table class=""bordered"">\n<tbody>\n<tr>\n<th colspan=""2"">CHI TIẾT SẢN PHẨM</th>\n</tr>\n<tr>\n<td style=""width: 150px;""><strong>Thành phần</strong></td>\n<td>Mỗi chai nước hoa đều được pha chế thủ công với nguyên liệu nhập khẩu chuẩn IFRA, vừa tinh tế vừa khác biệt.</td>\n</tr>\n<tr>\n<td style=""width: 150px;""><strong>Khối lượng</strong></td>\n<td>30ml</td>\n</tr>\n<tr>\n<td style=""width: 150px;""><strong>Chất liệu chai</strong></td>\n<td>Thuỷ tinh</td>\n</tr>\n<tr>\n<td style=""width: 150px;""><strong>Nơi sản xuất</strong></td>\n<td>Việt Nam</td>\n</tr>\n</tbody>\n</table>",,,taxable,,1,99,,notify,0,0.500,,,,1,,,,"Nước hoa độc bản",,,https://nghikigai.com/wp-content/uploads/2025/09/NHDB-Botan-01.webp,,,,,,,,,0,,,Size,30ml,1,0
2027,variation,,,"Nước hoa độc bản | Botan - 30ml",1,0,visible,,,,,taxable,parent,1,,,0,0,0.2,,,,0,,,390000,,,,https://nghikigai.com/wp-content/uploads/2025/09/NHDB-Botan-01.webp,,,AMD-PSJ-958-3-1-1-1-1-1-1-3-1-2,,,,,,1,,,Size,30ml,,0
2028,variable,AMD-PSJ-958-3-1-1-1-1-1-1-3-1-2-1,,"Tinh dầu nội thất | Chai 15ml",1,1,visible,"Tinh dầu nội thất 15ml Nghikigai mang đến hương thơm tự nhiên, chuẩn IFRA, an toàn cho sức khỏe.","<h4>Về sản phẩm</h4>\nTinh dầu nội thất 15ml Nghikigai mang đến hương thơm tự nhiên, chuẩn IFRA, an toàn cho sức khỏe. Phù hợp dùng cho máy xông, máy khuếch tán, xông phòng hoặc khử mùi, giúp không gian sống luôn dễ chịu và thư giãn.\n<p class=""QN2lPu"">Mùi hương gợi ý\n- Sea Salt &amp; Orchid: Tươi mát, sang trọng\n- White Tea &amp; Sage: Thanh khiết, dễ chịu\n- Lavender: Thư giãn, dễ ngủ\n- Citrus: Tỉnh táo, sảng khoái</p>\nƯu điểm\n- Chuẩn IFRA (Mỹ &amp; Anh), an toàn, không gây nhức đầu\n- Hương thơm đa dạng, dễ phối theo tính cách &amp; tâm trạng\n- Phù hợp nhiều không gian: phòng ngủ, phòng khách, văn phòng\n- Chai nhỏ gọn, tiện lợi, dễ mang theo\n<table class=""bordered"">\n<tbody>\n<tr>\n<th colspan=""2"">CHI TIẾT SẢN PHẨM</th>\n</tr>\n<tr>\n<td style=""width: 150px;""><strong>Thành phần</strong></td>\n<td>Mỗi lọ tinh dầu đều được pha chế thủ công với nguyên liệu nhập khẩu chuẩn IFRA, vừa tinh tế vừa khác biệt.</td>\n</tr>\n<tr>\n<td style=""width: 150px;""><strong>Dung tích</strong></td>\n<td>15ml</td>\n</tr>\n<tr>\n<td style=""width: 150px;""><strong>Chất liệu chai</strong></td>\n<td>Thuỷ tinh</td>\n</tr>\n<tr>\n<td style=""width: 150px;""><strong>Thời gian dùng</strong></td>\n<td>1–1.5 tháng/chai (xông khoảng 2h/ngày).</td>\n</tr>\n</tbody>\n</table>",,,taxable,,1,100,,notify,0,0.500,,,,1,,,,"Tinh dầu nội thất",,,"https://nghikigai.com/wp-content/uploads/2025/09/12.webp, https://nghikigai.com/wp-content/uploads/2025/09/Tinh-dau.webp, https://nghikigai.com/wp-content/uploads/2025/09/Khu-mui-bang-tinh-dau.webp, https://nghikigai.com/wp-content/uploads/2025/09/14.webp, https://nghikigai.com/wp-content/uploads/2025/09/13.webp",,,,,,,,,0,,,"Mùi hương","Sea Salt & Orchid, White Tea & Sage, Lavender, Citrus",1,0
2029,variation,,,"Tinh dầu nội thất | Chai 15ml - Sea Salt & Orchid",1,0,visible,,,,,taxable,parent,1,,,0,0,0.2,,,,0,,,220000,,,,,,,AMD-PSJ-958-3-1-1-1-1-1-1-3-1-2-1,,,,,,4,,,"Mùi hương","Sea Salt & Orchid",,0
2030,variation,,,"Tinh dầu nội thất | Chai 15ml - White Tea & Sage",1,0,visible,,,,,taxable,parent,1,,,0,0,,,,,0,,,220000,,,,,,,AMD-PSJ-958-3-1-1-1-1-1-1-3-1-2-1,,,,,,1,,,"Mùi hương","White Tea & Sage",,0
2031,variation,,,"Tinh dầu nội thất | Chai 15ml - Lavender",1,0,visible,,,,,taxable,parent,1,,,0,0,,,,,0,,,220000,,,,,,,AMD-PSJ-958-3-1-1-1-1-1-1-3-1-2-1,,,,,,2,,,"Mùi hương",Lavender,,0
2032,variation,,,"Tinh dầu nội thất | Chai 15ml - Citrus",1,0,visible,,,,,taxable,parent,1,,,0,0,,,,,0,,,220000,,,,,,,AMD-PSJ-958-3-1-1-1-1-1-1-3-1-2-1,,,,,,3,,,"Mùi hương",Citrus,,0
2041,variable,AMD-PSJ-958-3-1-1-1-1-1-1-3-1-2-1-1,,"Tinh dầu treo xe Ô tô 8ml",1,1,visible,"Tinh dầu nội thất 15ml Nghikigai mang đến hương thơm tự nhiên, chuẩn IFRA, an toàn cho sức khỏe.","<h4>Về sản phẩm</h4>\nTinh dầu treo xe ô tô Nghikigai giúp khử mùi, làm thơm không gian trong xe và mang lại cảm giác dễ chịu suốt hành trình. Thiết kế nhỏ gọn, sang trọng, vừa là vật trang trí vừa lan tỏa hương thơm tự nhiên chuẩn IFRA, an toàn – không gây nhức đầu.\n<p class=""QN2lPu"">Mùi hương gợi ý\n- White Tea &amp; Sage: Thanh khiết, dễ chịu\n- Sea Salt &amp; Orchid: Tươi mát, sang trọng\n- Citrus: Tỉnh táo, sảng khoái khi lái xe</p>\nƯu điểm\n- Khử mùi hiệu quả trong xe\n- Hương thơm dịu nhẹ, an toàn chuẩn IFRA\n- Thiết kế nhỏ gọn, sang trọng\n- Có thể tái sử dụng bằng cách châm thêm refill\n<table class=""bordered"">\n<tbody>\n<tr>\n<th colspan=""2"">CHI TIẾT SẢN PHẨM</th>\n</tr>\n<tr>\n<td style=""width: 150px;""><strong>Thành phần</strong></td>\n<td>Mỗi sản phẩm được pha chế thủ công với nguyên liệu nhập khẩu chuẩn IFRA, vừa tinh tế vừa khác biệt.</td>\n</tr>\n<tr>\n<td style=""width: 150px;""><strong>Dung tích</strong></td>\n<td>8ml</td>\n</tr>\n<tr>\n<td style=""width: 150px;""><strong>Chất liệu chai</strong></td>\n<td>Thuỷ tinh</td>\n</tr>\n<tr>\n<td style=""width: 150px;""><strong>Thời gian dùng</strong></td>\n<td>3–4 tuần/lọ (có thể châm thêm với refill để tiết kiệm chi phí).</td>\n</tr>\n</tbody>\n</table>",,,taxable,,1,100,,notify,0,0.500,,,,1,,,,"Tinh dầu nội thất",,,https://nghikigai.com/wp-content/uploads/2025/09/tai-xuong-6.webp,,,,,,,,,0,,,"Mùi hương","Sea Salt & Orchid, White Tea & Sage, Citrus",1,0
2042,variation,,,"Tinh dầu treo xe Ô tô 8ml - White Tea & Sage",1,0,visible,,,,,taxable,parent,1,,,0,0,,,,,0,,,95000,,,,,,,AMD-PSJ-958-3-1-1-1-1-1-1-3-1-2-1-1,,,,,,1,,,"Mùi hương","White Tea & Sage",,0
2044,variation,,,"Tinh dầu treo xe Ô tô 8ml - Citrus",1,0,visible,,,,,taxable,parent,1,,,0,0,,,,,0,,,95000,,,,,,,AMD-PSJ-958-3-1-1-1-1-1-1-3-1-2-1-1,,,,,,2,,,"Mùi hương",Citrus,,0
2045,variation,,,"Tinh dầu treo xe Ô tô 8ml - Sea Salt & Orchid",1,0,visible,,,,,taxable,parent,1,,,0,0,,,,,0,,,95000,,,,,,,AMD-PSJ-958-3-1-1-1-1-1-1-3-1-2-1-1,,,,,,3,,,"Mùi hương","Sea Salt & Orchid",,0
2066,variable,,,"Quà tặng theo yêu cầu",1,1,visible,"Tại <strong data-start=""120"" data-end=""133"">Nghikigai</strong>, chúng tôi mang đến dịch vụ <strong data-start=""162"" data-end=""196"">thiết kế quà tặng theo yêu cầu</strong>, giúp mỗi món quà trở thành sự gửi gắm trọn vẹn tình cảm và dấu ấn riêng.","<h4>Về sản phẩm</h4>\nTại <strong data-start=""120"" data-end=""133"">Nghikigai</strong>, chúng tôi mang đến dịch vụ <strong data-start=""162"" data-end=""196"">thiết kế quà tặng theo yêu cầu</strong>, giúp mỗi món quà trở thành sự gửi gắm trọn vẹn tình cảm và dấu ấn riêng. Từ nến thơm, tinh dầu đến nước hoa độc bản, mỗi sản phẩm đều được cá nhân hóa về hương thơm, thiết kế và thông điệp, phù hợp với từng dịp đặc biệt.\n\nDịch vụ quà tặng theo yêu cầu của Nghikigai không chỉ mang giá trị thẩm mỹ mà còn chứa đựng cảm xúc tinh tế, giúp khách hàng dễ dàng trao đi những thông điệp ý nghĩa và để lại ấn tượng khó quên.\n\nLiên hệ với Nghikigai qua Fanpage hoặc Zalo (0938 365 100) để được tư vấn quà tặng và chi phí phù hợp.",,,taxable,,1,100,,notify,0,0.500,,,,1,,,,"Quà tặng",,,"https://nghikigai.com/wp-content/uploads/2025/09/tai-xuong-3-1-e1758687113536.webp, https://nghikigai.com/wp-content/uploads/2025/09/tai-xuong-7.webp, https://nghikigai.com/wp-content/uploads/2025/09/tai-xuong-3-1-e1758687113536.webp, https://nghikigai.com/wp-content/uploads/2025/09/tai-xuong-2-1.webp, https://nghikigai.com/wp-content/uploads/2025/09/tai-xuong-1-1.webp",,,,,,,,,0,,,,,,
2179,variable,,,"Xô Xanh mang lại điều may (100% nhập từ Mỹ)",1,1,visible,"Xô Xanh là sản phẩm thiên về tinh thần, khoa học năng lượng.","<h4>Về sản phẩm</h4>\nXô Trắng &amp; Xô Xanh là sản phẩm thiên về tinh thần, khoa học năng lượng. Đây là loại Nghikigai sử dụng suốt hơn 5-6 năm qua rồi tìm tận nguồn bên Mỹ để nhập về. Nhận hàng nguyên thùng chưa mở seal nữa là mùi thảo mộc tỏa lên ngập tiệm luôn.\n\nXô Xanh:\n<ul>\n 	<li><span class=""a_GcMg font-feature-liga-off font-feature-clig-off font-feature-calt-off text-decoration-none text-strikethrough-none"">Đốt khi bị nghẽn tài vận, gặp trục trặc tài chính.</span></li>\n 	<li><span class=""a_GcMg font-feature-liga-off font-feature-clig-off font-feature-calt-off text-decoration-none text-strikethrough-none"">Nhiều khoản tiền lớn-nhỏ sẽ đổ về túi bạn, một vài khoản bạn quên luôn là mình có.</span></li>\n 	<li><span class=""a_GcMg font-feature-liga-off font-feature-clig-off font-feature-calt-off text-decoration-none text-strikethrough-none"">Kinh doanh thì sẽ có nhiều khách, chốt nhiều đơn.</span></li>\n 	<li><span class=""a_GcMg font-feature-liga-off font-feature-clig-off font-feature-calt-off text-decoration-none text-strikethrough-none"">Nói chung mọi thứ liên quan đến tiền thì Xô Xanh có thể hữu ích cho bạn</span></li>\n</ul>\nHƯỚNG DẪN SỬ DỤNG:\n<ul>\n 	<li><span class=""a_GcMg font-feature-liga-off font-feature-clig-off font-feature-calt-off text-decoration-none text-strikethrough-none"">Bước 1: Chuẩn bị Xô Xanh</span></li>\n 	<li><span class=""a_GcMg font-feature-liga-off font-feature-clig-off font-feature-calt-off text-decoration-none text-strikethrough-none"">Bước 2: Đốt đầu cây Xô (ngay mé, không đốt lõi) cho đến khi bốc khói.</span></li>\n 	<li><span class=""a_GcMg font-feature-liga-off font-feature-clig-off font-feature-calt-off text-decoration-none text-strikethrough-none"">Bước 3: Di chuyển cây Xô xung quanh không gian cần thanh lọc, đặc biệt là nơi bạn muốn tăng cường cảm giác bình yên và hài hòa.</span></li>\n 	<li><span class=""a_GcMg font-feature-liga-off font-feature-clig-off font-feature-calt-off text-decoration-none text-strikethrough-none"">Bước 4: Sau khi sử dụng, đặt cây Xô lên đĩa hoặc bát chịu nhiệt để Xô tiếp tục tỏa hương thơm và lan tỏa năng lượng tích cực.</span></li>\n</ul>\n&nbsp;",,,taxable,,1,100,,notify,0,0.500,,,,1,,,,"Xô thơm",,,"https://nghikigai.com/wp-content/uploads/2025/10/905b9ebf7a61b5c55512a25fe1bdd2ea.webp, https://nghikigai.com/wp-content/uploads/2025/10/z7118472948045_201dbc67abf9a4d9811e68051290c876-1-scaled.webp, https://nghikigai.com/wp-content/uploads/2025/10/905b9ebf7a61b5c55512a25fe1bdd2ea.webp, https://nghikigai.com/wp-content/uploads/2025/10/becdc6875338a29b911aedbf2911e241.webp, https://nghikigai.com/wp-content/uploads/2025/10/dbfd8b97916de143764ee59c276cc8a0.webp",,,,,,,,,0,,,Size,100g,1,0
2181,variation,,,"Xô Xanh mang lại điều may (100% nhập từ Mỹ) - 100g",1,0,visible,,,,,taxable,parent,1,,,0,0,0.1,,,,0,,,180000,,,,https://nghikigai.com/wp-content/uploads/2025/10/dbfd8b97916de143764ee59c276cc8a0.webp,,,id:2179,,,,,,1,,,Size,100g,,0
2225,variable,,,"Xô Trắng thu hút tài lộc (100% nhập từ Mỹ)",1,1,visible,"Xô Trắng là sản phẩm thiên về tinh thần, khoa học năng lượng.","<h4>Về sản phẩm</h4>\nXô Trắng &amp; Xô Xanh là sản phẩm thiên về tinh thần, khoa học năng lượng. Đây là loại Nghikigai sử dụng suốt hơn 5-6 năm qua rồi tìm tận nguồn bên Mỹ để nhập về. Nhận hàng nguyên thùng chưa mở seal nữa là mùi thảo mộc tỏa lên ngập tiệm luôn.\n\nBạn có thể sử dụng Xô Trắng của Nghikigai:\n<ul>\n 	<li><span class=""a_GcMg font-feature-liga-off font-feature-clig-off font-feature-calt-off text-decoration-none text-strikethrough-none"">Đốt trước khi thiền.</span></li>\n 	<li><span class=""a_GcMg font-feature-liga-off font-feature-clig-off font-feature-calt-off text-decoration-none text-strikethrough-none"">Thu hút vùng năng lượng tốt.</span></li>\n 	<li><span class=""a_GcMg font-feature-liga-off font-feature-clig-off font-feature-calt-off text-decoration-none text-strikethrough-none"">Nếu bạn gặp chuyện bất như ý, bạn có thể sử dụng nó để cân bằng lại năng lượng của bản thân.</span></li>\n 	<li><span class=""a_GcMg font-feature-liga-off font-feature-clig-off font-feature-calt-off text-decoration-none text-strikethrough-none"">Làm sạch không gian sống (nhiều người đi du lịch thường mang theo Xô Trắng hoặc Gỗ Palo Santo theo để đốt trong phòng khách sạn, ngủ sẽ ngon và bớt mộng mị).</span></li>\n 	<li><span class=""a_GcMg font-feature-liga-off font-feature-clig-off font-feature-calt-off text-decoration-none text-strikethrough-none"">Trấn an tinh thần.</span></li>\n</ul>\nHƯỚNG DẪN SỬ DỤNG:\n<ul>\n 	<li><span class=""a_GcMg font-feature-liga-off font-feature-clig-off font-feature-calt-off text-decoration-none text-strikethrough-none"">Bước 1: Chuẩn bị Xô Trắng </span></li>\n 	<li><span class=""a_GcMg font-feature-liga-off font-feature-clig-off font-feature-calt-off text-decoration-none text-strikethrough-none"">Bước 2: Đốt đầu cây Xô (ngay mé, không đốt lõi) cho đến khi bốc khói.</span></li>\n 	<li><span class=""a_GcMg font-feature-liga-off font-feature-clig-off font-feature-calt-off text-decoration-none text-strikethrough-none"">Bước 3: Di chuyển cây Xô xung quanh không gian cần thanh lọc, đặc biệt là nơi bạn muốn tăng cường cảm giác bình yên và hài hòa.</span></li>\n 	<li><span class=""a_GcMg font-feature-liga-off font-feature-clig-off font-feature-calt-off text-decoration-none text-strikethrough-none"">Bước 4: Sau khi sử dụng, đặt cây Xô lên đĩa hoặc bát chịu nhiệt để Xô tiếp tục tỏa hương thơm và lan tỏa năng lượng tích cực.</span></li>\n</ul>\n&nbsp;",,,taxable,,1,100,,notify,0,0.500,,,,1,,,,"Xô thơm",,,"https://nghikigai.com/wp-content/uploads/2025/10/1c244e2a8ffc7e5495149a34470c1e5c-e1760510079525.webp, https://nghikigai.com/wp-content/uploads/2025/10/da0d9c5d5fa8b7279df77322fc8288d3-e1760539615713.webp, https://nghikigai.com/wp-content/uploads/2025/10/71603cf5f80ed4da983cb26fc1c2ac57.webp, https://nghikigai.com/wp-content/uploads/2025/10/z7122507410236_551ff63260202f90b6d928a6db3de85e.webp, https://nghikigai.com/wp-content/uploads/2025/10/z7122507429172_e395f1530133c436e9b293a435bc85ae.webp, https://nghikigai.com/wp-content/uploads/2025/10/z7122507447064_4930a168c1aa2299cf219aef04b9b59c.webp",,,,,,,,,0,,,Size,100g,1,0
2226,variation,,,"Xô Trắng thu hút tài lộc (100% nhập từ Mỹ) - 100g",1,0,visible,,,,,taxable,parent,1,,,0,0,0.1,,,,0,,,180000,,,,https://nghikigai.com/wp-content/uploads/2025/10/dbfd8b97916de143764ee59c276cc8a0.webp,,,id:2225,,,,,,1,,,Size,100g,,0
